name,nDCG@5,nDCG(dcg='exp-log2')@5
Elrond,0.6713682558439732,0.6436571999999999
reference,0.6713682558439732,0.6436571999999999
